{"cameraMode":{"drawMode":0,"name":"Shaded","section":"Shading Mode"},"sceneLighting":false,"audioPlay":false,"sceneViewState":{"showFog":true,"showMaterialUpdate":false,"showSkybox":false,"showFlares":true,"showImageEffects":true,"showParticleSystems":true,"showVisualEffectGraphs":true,"m_FxEnabled":true},"in2DMode":false,"pivot":{"x":-0.023068636655807496,"y":1.2699999809265137,"z":-2.938999891281128},"rotation":{"x":-0.012244204059243203,"y":-0.6854966282844544,"z":0.011516903527081013,"w":-0.7279044985771179},"size":0.5921453833580017,"orthographic":false}