{"cameraMode":{"drawMode":0,"name":"Shaded","section":"Shading Mode"},"sceneLighting":false,"audioPlay":false,"sceneViewState":{"showFog":true,"showMaterialUpdate":false,"showSkybox":false,"showFlares":true,"showImageEffects":true,"showParticleSystems":true,"showVisualEffectGraphs":true,"m_FxEnabled":true},"in2DMode":false,"pivot":{"x":-0.10906863212585449,"y":1.2699999809265137,"z":-2.4049999713897707},"rotation":{"x":-0.07683982700109482,"y":-0.6892459988594055,"z":0.07389799505472183,"w":-0.7166576981544495},"size":1.3783724308013917,"orthographic":false}