{"cameraMode":{"drawMode":0,"name":"Shaded","section":"Shading Mode"},"sceneLighting":false,"audioPlay":false,"sceneViewState":{"showFog":true,"showMaterialUpdate":false,"showSkybox":false,"showFlares":true,"showImageEffects":true,"showParticleSystems":true,"showVisualEffectGraphs":true,"m_FxEnabled":true},"in2DMode":false,"pivot":{"x":-0.023068636655807496,"y":1.2699999809265137,"z":-2.938999891281128},"rotation":{"x":-0.33170536160469057,"y":-0.6449418067932129,"z":0.36739978194236758,"w":-0.5822967290878296},"size":0.5921453833580017,"orthographic":false}