{"cameraMode":{"drawMode":0,"name":"Shaded","section":"Shading Mode"},"sceneLighting":false,"audioPlay":false,"sceneViewState":{"showFog":true,"showMaterialUpdate":false,"showSkybox":false,"showFlares":true,"showImageEffects":true,"showParticleSystems":true,"showVisualEffectGraphs":true,"m_FxEnabled":true},"in2DMode":false,"pivot":{"x":-0.9930000305175781,"y":1.2699999809265137,"z":-3.069999933242798},"rotation":{"x":0.0027419349644333126,"y":-0.9582679867744446,"z":0.2857610881328583,"w":0.009208674542605877},"size":0.7892149090766907,"orthographic":false}