{"cameraMode":{"drawMode":0,"name":"Shaded","section":"Shading Mode"},"sceneLighting":true,"audioPlay":false,"sceneViewState":{"showFog":true,"showMaterialUpdate":false,"showSkybox":true,"showFlares":true,"showImageEffects":true,"showParticleSystems":true,"showVisualEffectGraphs":true,"m_FxEnabled":true},"in2DMode":false,"pivot":{"x":-0.00769999623298645,"y":1.0219999551773072,"z":0.004500001668930054},"rotation":{"x":-0.06726160645484925,"y":0.7005751729011536,"z":-0.06662008911371231,"w":-0.7073320150375366},"size":2.496081829071045,"orthographic":false}