{"cameraMode":{"drawMode":0,"name":"Shaded","section":"Shading Mode"},"sceneLighting":true,"audioPlay":false,"sceneViewState":{"showFog":true,"showMaterialUpdate":false,"showSkybox":true,"showFlares":true,"showImageEffects":true,"showParticleSystems":true,"showVisualEffectGraphs":true,"m_FxEnabled":true},"in2DMode":false,"pivot":{"x":10.040000915527344,"y":3.059999704360962,"z":-0.1700000762939453},"rotation":{"x":0.18670471012592317,"y":0.009145026095211506,"z":-0.0017342634964734316,"w":0.9824012517929077},"size":12.124356269836426,"orthographic":false}