{"cameraMode":{"drawMode":0,"name":"Shaded","section":"Shading Mode"},"sceneLighting":true,"audioPlay":false,"sceneViewState":{"showFog":true,"showMaterialUpdate":false,"showSkybox":true,"showFlares":true,"showImageEffects":true,"showParticleSystems":true,"showVisualEffectGraphs":true,"m_FxEnabled":true},"in2DMode":false,"pivot":{"x":0.0035524964332580568,"y":1.3899067640304566,"z":0.1489560604095459},"rotation":{"x":0.00496573094278574,"y":-0.6164310574531555,"z":0.003892716020345688,"w":0.7874244451522827},"size":1.919266700744629,"orthographic":false}