{"cameraMode":{"drawMode":0,"name":"Shaded","section":"Shading Mode"},"sceneLighting":true,"audioPlay":false,"sceneViewState":{"showFog":true,"showMaterialUpdate":false,"showSkybox":true,"showFlares":true,"showImageEffects":true,"showParticleSystems":true,"showVisualEffectGraphs":true,"m_FxEnabled":true},"in2DMode":false,"pivot":{"x":10.040000915527344,"y":3.0299997329711916,"z":-0.1700000762939453},"rotation":{"x":-0.13768842816352845,"y":-0.05138368159532547,"z":0.007157054264098406,"w":-0.9891687035560608},"size":4.507312774658203,"orthographic":false}