{"cameraMode":{"drawMode":0,"name":"Shaded","section":"Shading Mode"},"sceneLighting":false,"audioPlay":false,"sceneViewState":{"showFog":true,"showMaterialUpdate":false,"showSkybox":false,"showFlares":true,"showImageEffects":true,"showParticleSystems":true,"showVisualEffectGraphs":true,"m_FxEnabled":true},"in2DMode":false,"pivot":{"x":-0.10906863212585449,"y":1.2699999809265137,"z":-2.4049999713897707},"rotation":{"x":0.2073013335466385,"y":-0.0014738836325705052,"z":0.0003016444679815322,"w":0.9783086776733398},"size":0.7123342752456665,"orthographic":false}